  , H                     , Zn                    , Zn(OH)2(aq)           , Zn(OH)3-              , Zn(OH)4--             , ZnOH+                 , Zn++                  , Na+               , NO3-              , Fe+++                 , Fe++                  , O2(aq)            , H_sorbed             , Zn_sorbed
 0, 9.999999999999999e-06 , 1e-07                 , 1.813505366090861e-15 , 7.349990948801437e-22 , 2.7351872885715046e-29, 5.6323585057657926e-12, 9.960327396019113e-08 , 0.0999877981223431, 0.1000000031975435, 2.5958389766151062e-09, 2.9324029589485202e-12, 0.0002464700291695, 0.000127188565677    , 3.91114169326836e-10
 1, 5.623413251903491e-06 , 1e-07                 , 5.691547356653092e-15 , 4.10058831687228e-21  , 2.7126531672337914e-28, 9.943835111303375e-12 , 9.892119223822453e-08 , 0.0999930555988685, 0.1000000031975435, 4.620979893909367e-10 , 9.279570431135717e-13 , 0.0002464700286683, 0.0001095689558792   , 1.06888039484837e-09
 2, 3.162277660168379e-06 , 1e-07                 , 1.7670335195939315e-14, 2.2639709955358447e-20, 2.6633558838592053e-27, 1.7360334152946446e-11, 9.71143112962894e-08  , 0.0999960162429682, 0.1000000031975435, 8.216810421115609e-11 , 2.9343190474707986e-13, 0.0002464700285096, 9.31074622286358e-05 , 2.86833248157554e-09
 3, 1.7782794100389227e-06, 1e-07                 , 5.3265250976367545e-14, 1.21386687539907e-19  , 2.5399806524891518e-26, 2.942092004240765e-11 , 9.25295351862908e-08  , 0.0999976906088575, 0.1000000031975435, 1.4601591740678162e-11, 9.274815732763422e-14 , 0.0002464700284593, 7.80846391996251e-05 , 7.4410114486924e-09
 4, 1e-06                 , 1e-07                 , 1.494178049862346e-13 , 6.057491659711942e-19 , 2.254839096765399e-25 , 4.639286849022674e-11 , 8.201852510180007e-08 , 0.099998652182849 , 0.1000000031975435, 2.593641832069593e-12 , 2.9307480957392735e-14, 0.0002464700284436, 6.45977919898359e-05 , 1.79349512105075e-08
 5, 5.62341325190349e-07  , 1e-07                 , 3.612368113439047e-13 , 2.6055286314398273e-18, 1.7255674906536614e-24, 6.304163764799462e-11 , 6.264332830885362e-08 , 0.0999992270174443, 0.1000000031975435, 4.605426269765342e-13 , 9.258736274131151e-15 , 0.0002464700284388, 5.26250947281005e-05 , 3.729328326299e-08
 6, 3.162277660168379e-07 , 1e-07                 , 6.9419129820405e-13   , 8.909221898057629e-18 , 1.0498630020220358e-23, 6.808600997840956e-11 , 3.802318140733636e-08 , 0.0999995901116532, 0.1000000031975435, 8.175221477812505e-14 , 2.924409437637558e-15 , 0.0002464700284374, 4.2082543799348e-05  , 6.19080474261166e-08
 7, 1.7782794100389227e-07, 1e-07                 , 1.0523420749974422e-12, 2.403388610397989e-17 , 5.039916212299565e-23 , 5.8000162600835003e-11, 1.8201758188700884e-08, 0.0999998283421615, 0.1000000031975435, 1.4507086682035807e-14, 9.23475323043884e-16  , 0.0002464700284369, 3.28525853732496e-05 , 8.17391938066612e-08
 8, 1e-07                 , 1e-07                 , 1.3542804614993025e-12, 5.5049509082655635e-17, 2.0546155784408276e-22, 4.1937559985560535e-11, 7.394512961203651e-09 , 0.1000000013195937, 0.1000000031975435, 2.573042968746684e-15 , 2.915209999527184e-16 , 0.0002464700284368, 2.47775136634612e-05 , 9.25621970802664e-08
 9, 5.6234132519034905e-08, 1e-07                 , 1.6005790970821682e-12, 1.158225636217164e-16 , 7.695583737263003e-22 , 2.7842009847249165e-11, 2.7576295870445355e-09, 0.1000001664380925, 0.1000000031975435, 4.560723857056761e-16 , 9.198725519922363e-17 , 0.0002464700284366, 1.76627929782486e-05 , 9.72129284729326e-08
10, 3.162277660168379e-08 , 1e-07                 , 1.819434050951917e-12 , 2.344372278955731e-16 , 2.7736351647719425e-21, 1.7774021524410157e-11, 9.886602112774784e-10 , 0.1000003833622584, 0.1000000031975435, 8.078145953088619e-17 , 2.901212809086495e-17 , 0.0002464700284365, 1.12903934145545e-05 , 9.89917463901721e-08
11, 1.7782794100389228e-08, 1e-07                 , 2.033483183439198e-12 , 4.666454113254137e-16 , 9.832549835804644e-21 , 1.1154089247032378e-11, 3.4836918604901365e-10, 0.1000007282204538, 0.1000000031975435, 1.4300272149793274e-17, 9.146774157913939e-18 , 0.0002464700284364, 5.42500086696077e-06 , 9.96384428848869e-08
12, 1e-08                 , 1e-07                 , 2.25919997429947e-12  , 9.233605097560045e-16 , 3.4651424764717715e-20, 6.957905633826183e-12 , 1.220154126784797e-10 , 0.1000013194558485, 0.1000000031975435, 2.531253213283514e-18 , 2.8835584130378967e-18, 0.0002464700284364, -1.81848450278245e-07, 9.98687666003205e-08
13, 9.999999999999999e-06 , 3.981071705534969e-07 , 7.219705901715275e-15 , 2.926091934921704e-21 , 1.0889024009688819e-28, 2.2422845554096235e-11, 3.965280641595801e-07 , 0.0999872042964256, 0.1000000031975435, 2.5958358272121543e-09, 2.9324003730208405e-12, 0.0002464700291695, 0.0001271865703206   , 1.5567579512859502e-09
14, 5.623413251903491e-06 , 3.981071705534969e-07 , 2.2658689802131225e-14, 1.632495335042321e-20 , 1.079944924521864e-27 , 3.958742817433184e-11 , 3.938145490653851e-07 , 0.0999924658980449, 0.1000000031975435, 4.6209474797210383e-10, 9.279526363329473e-13 , 0.0002464700286683, 0.0001095633789471   , 4.253092511496971e-09
15, 3.162277660168379e-06 , 3.981071705534969e-07 , 7.035083017054331e-14 , 9.013616814251548e-20 , 1.0603797980811334e-26, 6.911606316031971e-11 , 3.8663460805342925e-07, 0.0999954374531268, 0.1000000031975435, 8.216613095202647e-11 , 2.934271860041756e-13 , 0.0002464700285096, 9.30924316982928e-05 , 1.14034558339546e-08
16, 1.7782794100389227e-06, 3.981071705534969e-07 , 2.1212024526637322e-13, 4.8341430405719595e-19, 1.011554637010702e-25 , 1.1716134656692894e-10, 3.684669562608478e-07 , 0.0999971393702986, 0.1000000031975435, 1.4600584059479354e-11, 9.27438838374766e-14  , 0.0002464700284593, 7.80457205203065e-05 , 2.95229171091346e-08
17, 1e-06                 , 3.981071705534969e-07 , 5.958530625232231e-13 , 2.41575952297347e-18  , 8.992918699896514e-25 , 1.849968038291184e-10 , 3.270402595621195e-07 , 0.099998163469217 , 0.1000000031975435, 2.5932157767734964e-12, 2.9304269555987936e-14, 0.0002464700284436, 6.45044504606876e-05 , 7.08813866558426e-08
18, 5.62341325190349e-07  , 3.981071705534969e-07 , 1.4483719304683777e-12, 1.0447819755706888e-17, 6.919960824888331e-24 , 2.5274003361123825e-10, 2.511191878534436e-07 , 0.0999988520697169, 0.1000000031975435, 4.604105751608827e-13 , 9.25696591408564e-15  , 0.0002464700284388, 5.24319800075485e-05 , 1.46733847805299e-07
19, 3.162277660168379e-07 , 3.981071705534969e-07 , 2.818474176810617e-12 , 3.6176085121953205e-17, 4.263452278803751e-23 , 2.7640506114952204e-10, 1.5434402191279457e-07, 0.0999993593707256, 0.1000000031975435, 8.172580817634171e-14 , 2.9237795813536546e-15, 0.0002464700284374, 4.17613189218111e-05 , 2.43483959217509e-07
20, 1.7782794100389227e-07, 3.981071705534969e-07 , 4.338362518268199e-12 , 9.908925393139992e-17 , 2.0780671373469104e-22, 2.3909170741591363e-10, 7.502656467587164e-08 , 0.0999997157934264, 0.1000000031975435, 1.4503720740755556e-14, 9.233324610131448e-16 , 0.0002464700284369, 3.24238832766016e-05 , 3.22837193322648e-07
21, 1e-07                 , 3.981071705534969e-07 , 5.6431995434223686e-12, 2.293968954328971e-16 , 8.562133032773276e-22 , 1.7474416532629703e-10, 3.0810009953127916e-08, 0.0999999549043071, 0.1000000031975435, 2.5727361138323478e-15, 2.9149782039862123e-16, 0.0002464700284368, 2.4285841809331e-05  , 3.67116780909018e-07
22, 5.6234132519034905e-08, 3.981071705534969e-07 , 6.705303104589991e-12 , 4.852233457294474e-16 , 3.2240170561746146e-21, 1.1663653874343592e-10, 1.1552147908065126e-08, 0.1000001489477565, 0.1000000031975435, 4.560496040273292e-16 , 9.198419168106751e-17 , 0.0002464700284366, 1.71409936200621e-05 , 3.86431683736233e-07
23, 3.162277660168379e-08 , 3.981071705534969e-07 , 7.640060511706795e-12 , 9.844407712328998e-16 , 1.1647021743994656e-20, 7.463519127668257e-11 , 4.151475451983342e-09 , 0.1000003770343769, 0.1000000031975435, 8.078004716881055e-17 , 2.901178990677428e-17 , 0.0002464700284365, 1.07551515925428e-05 , 3.93873420451297e-07
24, 1.7782794100389228e-08, 3.981071705534969e-07 , 8.547788976141708e-12 , 1.9615564934392325e-15, 4.133144528661246e-20 , 4.6886380618313466e-11, 1.4643730070368934e-09, 0.1000007259661795, 0.1000000031975435, 1.430021161049604e-17 , 9.146748340512197e-18 , 0.0002464700284364, 4.88420595026226e-06 , 3.96587362293939e-07
25, 1e-08                 , 3.981071705534969e-07 , 9.501474465389992e-12 , 3.883360697411922e-15 , 1.4573290891611246e-19, 2.926272478356384e-11 , 5.13157663426282e-10  , 0.1000013186538293, 0.1000000031975435, 2.531251418728714e-18 , 2.8835570498766e-18   , 0.0002464700284364, -7.2383067757353e-07 , 3.97555245419454e-07
26, 9.999999999999999e-06 , 1.584893192461114e-06 , 2.874234217880045e-14 , 1.1649106277528738e-20, 4.335073560631297e-28 , 8.926731570196413e-11 , 1.5786113022503412e-06, 0.0999848402237498, 0.1000000031975435, 2.595823345867569e-09 , 2.9323901209288996e-12, 0.0002464700291695, 0.0001271786346556   , 6.192884572707171e-09
27, 5.623413251903491e-06 , 1.584893192461114e-06 , 9.020952761999377e-14 , 6.499423914383788e-20 , 4.299626205550779e-27 , 1.576052529862099e-10 , 1.5678386479028509e-06, 0.0999901181889221, 0.1000000031975435, 4.6208193699074814e-10, 9.279352174853756e-13 , 0.0002464700286683, 0.0001095412359318   , 1.68971376870198e-08
28, 3.162277660168379e-06 , 1.584893192461114e-06 , 2.801338456997582e-13 , 3.589304590790847e-19 , 4.2226821917854617e-26, 2.752083139738388e-10 , 1.539465281006604e-06 , 0.0999931327703172, 0.1000000031975435, 8.215841093301308e-11 , 2.93408722970435e-13  , 0.0002464700285096, 9.30330106894355e-05 , 4.51527067565743e-08
29, 1.7782794100389227e-06, 1.584893192461114e-06 , 8.455143590900605e-13 , 1.9270710189103524e-18, 4.032809878604301e-25 , 4.669655943760702e-10 , 1.4684566659445354e-06, 0.0999949418080567, 0.1000000031975435, 1.4596736925321197e-11, 9.272756651132905e-14 , 0.0002464700284593, 7.78934299140086e-05 , 1.15968986976791e-07
30, 1e-06                 , 1.584893192461114e-06 , 2.387615324105672e-12 , 9.682041090117277e-18 , 3.6049783817004265e-24, 7.411434567039646e-10 , 1.309943305533994e-06 , 0.0999962024808607, 0.1000000031975435, 2.5916585150937345e-12, 2.9292529539603004e-14, 0.0002464700284436, 6.41462856186349e-05 , 2.74206600006332e-07
31, 5.62341325190349e-07  , 1.584893192461114e-06 , 5.9234361137461426e-12, 4.2743196811386685e-17, 2.8320001148097423e-23, 1.0332862466788414e-09, 1.0263129052588502e-06, 0.09999730867046  , 0.1000000031975435, 4.599437194490856e-13 , 9.250705383491826e-15 , 0.0002464700284388, 5.17077480418284e-05 , 5.57541271845267e-07
32, 3.162277660168379e-07 , 1.584893192461114e-06 , 1.2105270573540412e-11, 1.5543771954772618e-16, 1.8326141953005157e-22, 1.186676923868884e-09 , 6.623729204759153e-07 , 0.099998350260006 , 0.1000000031975435, 8.16277231089224e-14  , 2.9214393855642534e-15, 0.0002464700284374, 4.05629148616112e-05 , 9.21321618384064e-07
33, 1.7782794100389227e-07, 1.584893192461114e-06 , 1.9908057087802303e-11, 4.548551794503686e-16 , 9.542230680660122e-22 , 1.0967919521456138e-09, 3.440579557838944e-07 , 0.0999991823766012, 0.1000000031975435, 1.4489375895721788e-14, 9.227234868527137e-16 , 0.0002464700284369, 3.07943349835043e-05 , 1.23971860517299e-06
34, 1e-07                 , 1.584893192461114e-06 , 2.729604880339589e-11 , 1.1098035057466612e-15, 4.1430940737612825e-21, 8.450706049587168e-10 , 1.489697628807426e-07 , 0.0999997206344299, 0.1000000031975435, 2.5712428862684187e-15, 2.913850098281173e-16 , 0.0002464700284368, 2.2374571114067e-05  , 1.43505108863441e-06
35, 5.6234132519034905e-08, 1.584893192461114e-06 , 3.337729570274805e-11 , 2.4155295600047203e-15, 1.6051143239546888e-20, 5.80536408316094e-10  , 5.749362638849973e-08 , 0.1000000576232389, 0.1000000031975435, 4.5593026956482e-16   , 9.196814359998101e-17 , 0.0002464700284366, 1.50851133822191e-05 , 1.52678565865003e-06
36, 3.162277660168379e-08 , 1.584893192461114e-06 , 3.852338104791706e-11 , 4.963991424696544e-15 , 5.873137411814578e-20 , 3.763201138953277e-10 , 2.0931600869863463e-08, 0.1000003434889986, 0.1000000031975435, 8.077233925907084e-17 , 2.9009944249194866e-17, 0.0002464700284365, 8.63359887039685e-06 , 1.56354674297418e-06
37, 1.7782794100389228e-08, 1.584893192461114e-06 , 4.334090367946237e-11 , 9.946006083989752e-15 , 2.095715021717945e-19 , 2.3773173230253444e-10, 7.424862904483809e-09 , 0.1000007139374572, 0.1000000031975435, 1.429984383473029e-17 , 9.146591501037812e-18 , 0.0002464700284364, 2.73548795473875e-06 , 1.57718724448612e-06
38, 1e-08                 , 1.584893192461114e-06 , 4.830055389020074e-11 , 1.9741022971628944e-14, 7.408330959244227e-19 , 1.4875619216073638e-10, 2.608616844469343e-09 , 0.1000013143613602, 0.1000000031975435, 2.531237166019059e-18 , 2.8835462240828153e-18, 0.0002464700284364, -2.8793346182726e-06 , 1.58208749704243e-06
39, 9.999999999999999e-06 , 6.30957344480193e-06  , 1.1442807988482685e-13, 4.637788528225135e-20 , 1.7259420263106072e-27, 3.553852533811565e-10 , 6.284638561706417e-06 , 0.099975428536814 , 0.1000000031975435, 2.5957745473341237e-09, 2.9323499773639894e-12, 0.0002464700291694, 0.0001271471683427   , 2.45804240261093e-08
40, 5.623413251903491e-06 , 6.30957344480193e-06  , 3.591875384476358e-13 , 2.5880005618590675e-19, 1.7121600076918398e-26, 6.275137025771983e-10 , 6.2422225917046175e-06, 0.0999807707272353, 0.1000000031975435, 4.6203238119329185e-10, 9.27867805725842e-13  , 0.0002464700286683, 0.0001094540098777   , 6.67240144284836e-08
41, 3.162277660168379e-06 , 6.30957344480193e-06  , 1.1161811698233737e-12, 1.4303260851256013e-18, 1.6829538738920978e-25, 1.09642586060079e-09  , 6.132504708189121e-06 , 0.0999839502934867, 0.1000000031975435, 8.212969876266085e-11 , 2.933400285772192e-13 , 0.0002464700285096, 9.28028618859909e-05 , 1.75972212171738e-07
42, 1.7782794100389227e-06, 6.30957344480193e-06  , 3.381463302424464e-12 , 7.70931668865652e-18  , 1.6138519190998455e-24, 1.866973581792744e-09 , 5.869290594398159e-06 , 0.0999861481770313, 0.1000000031975435, 1.4583670380121576e-11, 9.267211998883636e-14 , 0.0002464700284593, 7.73262937095739e-05 , 4.3841347286719e-07
43, 1e-06                 , 6.30957344480193e-06  , 9.720919860878702e-12 , 3.944283438329149e-17 , 1.469484662811012e-23 , 3.0157186094050183e-09, 5.327065312322761e-06 , 0.0999881817025872, 0.1000000031975435, 2.587119215972652e-12 , 2.925828661528096e-14 , 0.0002464700284436, 6.29071502904131e-05 , 9.79483587198379e-07
44, 5.62341325190349e-07  , 6.30957344480193e-06  , 2.5729140164454924e-11, 1.8582244897984568e-16, 1.2322721339579932e-22, 4.484311498788896e-09 , 4.450201882066989e-06 , 0.0999904774054515, 0.1000000031975435, 4.587511201406618e-13 , 9.234699748878956e-15 , 0.0002464700284388, 4.94273575783851e-05 , 1.85486227983286e-06
45, 3.162277660168379e-07 , 6.30957344480193e-06  , 6.178262983546686e-11 , 7.941953784832302e-16 , 9.373959451041736e-22 , 6.0498952177454404e-09, 3.373202187571888e-06 , 0.0999929454032271, 0.1000000031975435, 8.13597266024348e-14  , 2.915039571120914e-15 , 0.0002464700284374, 3.70195601224888e-05 , 2.9302601651677e-06
46, 1.7782794100389227e-07, 6.30957344480193e-06  , 1.3428975916617402e-10, 3.072250538244448e-15 , 6.4536341877360114e-21, 7.388744311227105e-09 , 2.314787178299977e-06 , 0.0999952568093498, 0.1000000031975435, 1.4432706970700886e-14, 9.203155782859008e-16 , 0.0002464700284369, 2.5919153136205e-05  , 3.98726363675421e-06
47, 1e-07                 , 6.30957344480193e-06  , 2.5987790418874707e-10, 1.0580589851999048e-14, 3.955339378522252e-20 , 8.034697434070228e-09 , 1.414432022996973e-06 , 0.099997202604107 , 0.1000000031975435, 2.560735041234055e-15 , 2.9059051227481153e-16, 0.0002464700284368, 1.62060161267261e-05 , 4.88684709008457e-06
48, 5.6234132519034905e-08, 6.30957344480193e-06  , 4.3105602382341445e-10, 3.1229819451895566e-14, 2.077486203509448e-19 , 7.489246544509647e-09 , 7.408916692793671e-07 , 0.0999986980395407, 0.1000000031975435, 4.544405352581713e-16 , 9.176768388959787e-17 , 0.0002464700284366, 7.82640537551385e-06 , 5.5607615750459e-06
49, 3.162277660168379e-08 , 6.30957344480193e-06  , 6.042894684719173e-10 , 7.791413489795086e-14 , 9.22401978927314e-19  , 5.899480179796151e-09 , 3.279401249562357e-07 , 0.0999997310767881, 0.1000000031975435, 8.062502794177251e-17 , 2.8974659386746384e-17, 0.0002464700284365, 6.50561356368134e-07 , 5.97512952675476e-06
50, 1.7782794100389228e-08, 6.30957344480193e-06  , 7.479772524644694e-10 , 1.7168911553609305e-13, 3.618511650547246e-18 , 4.1017962239541534e-09, 1.280772243490076e-07 , 0.1000004714317545, 0.1000000031975435, 1.428962564611369e-17 , 9.142233475949596e-18 , 0.0002464700284364, -5.61604590871072e-06, 6.17664628890633e-06
51, 1e-08                 , 6.30957344480193e-06  , 8.682102981167616e-10 , 3.5487421404872857e-13, 1.3318556795932993e-17, 2.6737201427907473e-09, 4.68834193733266e-08  , 0.1000012241010572, 0.1000000031975435, 2.5306791178970644e-18, 2.8831223636075313e-18, 0.0002464700284364, -1.13730157695783e-05, 6.25914773655086e-06
52, 9.999999999999999e-06 , 2.5118864315095825e-05, 4.555881541303574e-13 , 1.8466362672879184e-19, 6.872919158034427e-27 , 1.414900609103766e-09 , 2.5020749533690615e-05, 0.0999379576907034, 0.1000000031975435, 2.595593943220594e-09 , 2.932200456039456e-12 , 0.0002464700291694, 0.00012702386498     , 9.67030920992588e-08
53, 5.623413251903491e-06 , 2.5118864315095825e-05, 1.4307910418986868e-12, 1.0310862090846381e-18, 6.822829841498912e-26 , 2.499307656360968e-09 , 2.4859021526960492e-05, 0.099943541697497 , 0.1000000031975435, 4.6185605970265134e-10, 9.276274821297994e-13 , 0.0002464700286682, 0.0001091208067329   , 2.57345695307339e-07
54, 3.162277660168379e-06 , 2.5118864315095825e-05, 4.456648034701006e-12 , 5.713277599067017e-18 , 6.725317839140867e-25 , 4.376160601517346e-09 , 2.4468019987967665e-05, 0.0999472898885159, 0.1000000031975435, 8.204094694925869e-11 , 2.931273408598417e-13 , 0.0002464700285096, 9.19773789177225e-05 , 6.4646730379602e-07
55, 1.7782794100389227e-06, 2.5118864315095825e-05, 1.364902689500398e-11 , 3.1141078957740876e-17, 6.5240235042273644e-24, 7.530622573469378e-09 , 2.365813156751818e-05 , 0.0999505871313006, 0.1000000031975435, 1.4553353610146247e-11, 9.254323833656253e-14 , 0.0002464700284593, 7.55496353237908e-05 , 1.45319196229783e-06
56, 1e-06                 , 2.5118864315095825e-05, 4.087682384505925e-11 , 1.6601453203493658e-16, 6.191045539273044e-23 , 1.26697529691267e-08  , 2.236037353003968e-05 , 0.0999541300687491, 0.1000000031975435, 2.580167220046833e-12 , 2.9205726329562416e-14, 0.0002464700284436, 5.98223905289205e-05 , 2.74578346825599e-06
57, 5.62341325190349e-07  , 2.5118864315095825e-05, 1.205067448925636e-10 , 8.711839767520844e-16 , 5.783039761918793e-22 , 2.0983183040365708e-08, 2.0804186014815008e-05, 0.0999577750747441, 0.1000000031975435, 4.574610145124206e-13 , 9.217341251510093e-15 , 0.0002464700284388, 4.51665815018598e-05 , 4.29357771417653e-06
58, 3.162277660168379e-07 , 2.5118864315095825e-05, 3.5164674638230064e-10, 4.5260764909649625e-15, 5.349137114031948e-21 , 3.439128040397679e-08 , 1.9151766723999e-05   , 0.0999613849329138, 0.1000000031975435, 8.105847597101362e-14 , 2.9078281579371336e-15, 0.0002464700284374, 3.1752033954024e-05  , 5.93235754171245e-06
59, 1.7782794100389227e-07, 2.5118864315095825e-05, 9.894690555795076e-10 , 2.2682767940865662e-14, 4.7745763980432477e-20, 5.433296976757367e-08 , 1.6988015909904163e-05, 0.0999658981249052, 0.1000000031975435, 1.4346824842864102e-14, 9.166577325022644e-16 , 0.0002464700284369, 1.87016430066164e-05 , 8.07552853194276e-06
60, 1e-07                 , 2.5118864315095825e-05, 2.514997474339953e-09 , 1.0267050922559639e-13, 3.848543195129722e-19 , 7.75499256875898e-08  , 1.361576387448663e-05 , 0.0999727708663339, 0.1000000031975435, 2.540398866761344e-15 , 2.8904910984448943e-16, 0.0002464700284368, 4.60737933698469e-06 , 1.1423037532606e-05
61, 5.6234132519034905e-08, 2.5118864315095825e-05, 5.3732107751356495e-09, 3.903921456475945e-13 , 2.6043989536318325e-18, 9.309249511199145e-08 , 9.183552069853106e-06 , 0.0999817648941554, 0.1000000031975435, 4.506201061642311e-16 , 9.125245048943378e-17 , 0.0002464700284366, -1.04914964954612e-05, 1.58368476316562e-05
62, 3.162277660168379e-08 , 2.5118864315095825e-05, 9.325569849547828e-09 , 1.2053040271352062e-12, 1.430388840004785e-17 , 9.082354876607312e-08 , 5.036575519389899e-06 , 0.0999902578941928, 0.1000000031975435, 8.004522078142513e-17 , 2.8835546543582e-17   , 0.0002464700284365, -2.4430890950301e-05 , 1.99821393286262e-05
63, 1.7782794100389228e-08, 2.5118864315095825e-05, 1.3414111675399913e-08, 3.0837050259098946e-12, 6.509058900495991e-17 , 7.345021606506702e-08 , 2.290008828814454e-06 , 0.0999960949873559, 0.1000000031975435, 1.4225199817102714e-17, 9.114728965895273e-18 , 0.0002464700284364, -3.53916901673996e-05, 2.27419884887662e-05
64, 1e-08                 , 2.5118864315095825e-05, 1.6968073731434566e-08, 6.940010875253654e-12 , 2.606283315306003e-16 , 5.222113015137032e-08 , 9.15108566315108e-07  , 0.099999444696722 , 0.1000000031975435, 2.5258389492556093e-18, 2.8794444064872324e-18, 0.0002464700284364, -4.35552890856475e-05, 2.41345597784952e-05
65, 9.999999999999999e-06 , 0.0001                , 1.8142827619239925e-12, 7.355717871721767e-19 , 2.7387465493883485e-26, 5.633992847151049e-09 , 9.962661785871212e-05 , 0.0997887502112682, 0.1000000031975435, 2.5950664409523083e-09, 2.931749444339303e-12 , 0.0002464700291693, 0.0001265622054524   , 3.67759083237618e-07
66, 5.623413251903491e-06 , 0.0001                , 5.706338241571995e-12 , 4.1143554156365774e-18, 2.724283898443392e-25 , 9.964238062614411e-09 , 9.907823289848772e-05 , 0.0997951141580249, 0.1000000031975435, 4.6139617520267047e-10, 9.269947011699349e-13 , 0.0002464700286681, 0.000107982843629    , 9.11809844678111e-07
67, 3.162277660168379e-06 , 0.0001                , 1.7873732797542787e-11, 2.2932124984141008e-17, 2.7019592890092023e-24, 1.7539455593497853e-08, 9.800859042961632e-05 , 0.0998002219269038, 0.1000000031975435, 8.188723944569234e-11 , 2.927558124921073e-13 , 0.0002464700285095, 8.96660998132076e-05 , 1.97386480823501e-06
68, 1.7782794100389227e-06, 0.0001                , 5.572243162896263e-11 , 1.272377439960685e-16 , 2.668124983605094e-23 , 3.0723636664071555e-08, 9.646323239182084e-05 , 0.0998049766743656, 0.1000000031975435, 1.4525817254487068e-11, 9.242481460005972e-14 , 0.0002464700284592, 7.19883162458477e-05 , 3.50600064240616e-06
69, 1e-06                 , 0.0001                , 1.7340327149422883e-10, 7.047503916160807e-16 , 2.6303673290111494e-22, 5.371630542566416e-08 , 9.475475168367716e-05 , 0.0998093172873393, 0.1000000031975435, 2.57607536067773e-12  , 2.9174321288743875e-14, 0.0002464700284436, 5.5587192783414e-05  , 5.19137080965425e-06
70, 5.62341325190349e-07  , 0.0001                , 5.380417081437423e-10 , 3.894258975663151e-15 , 2.588422888305188e-21 , 9.359056320726377e-08 , 9.270292984495652e-05 , 0.0998139304689949, 0.1000000031975435, 4.560992197838266e-13 , 9.198877220295648e-15 , 0.0002464700284388, 4.01132455412312e-05 , 7.20295352183674e-06
71, 3.162277660168379e-07 , 0.0001                , 1.6425377060410523e-09, 2.1184332883450443e-14, 2.5090718562592646e-20, 1.603384303669032e-07 , 8.912589599821173e-05 , 0.0998213503633175, 0.1000000031975435, 8.060760036388505e-14 , 2.8969854212925445e-15, 0.0002464700284374, 2.34225077364857e-05 , 1.07121345896681e-05
72, 1.7782794100389227e-07, 0.0001                , 4.807576513557017e-09 , 1.1046235842384164e-13, 2.3307523230795824e-19, 2.634228512195288e-07 , 8.219060953421967e-05 , 0.0998353232224841, 0.1000000031975435, 1.425566023758349e-14 , 9.12755813227593e-16  , 0.0002464700284369, 2.20977263604284e-06 , 1.75411707204576e-05
73, 1e-07                 , 0.0001                , 1.3167670631728268e-08, 5.387017800097375e-13 , 2.023826395959576e-18 , 4.052047783730307e-07 , 7.1003157312567e-05   , 0.0998577007893883, 0.1000000031975435, 2.525205388327035e-15 , 2.878914115061129e-16 , 0.0002464700284368, -2.51924817630345e-05, 2.85784792043274e-05
74, 5.6234132519034905e-08, 0.0001                , 3.3557082738979946e-08, 2.443962123890926e-12 , 1.6344807544555306e-17, 5.800510522695306e-07 , 5.709272308181798e-05 , 0.099885490978518 , 0.1000000031975435, 4.475472224497059e-16 , 9.083605994124879e-17 , 0.0002464700284366, -5.62458398581555e-05, 4.22936742066198e-05
75, 3.162277660168379e-08 , 0.0001                , 7.998149444063053e-08 , 1.0370240859536096e-11, 1.234675386754498e-16 , 7.765502318598959e-07 , 4.293159934840804e-05 , 0.0999138188974446, 0.1000000031975435, 7.930959674920961e-17 , 2.8658339971244717e-17, 0.0002464700284365, -8.6905438081158e-05 , 5.62118647139235e-05
76, 1.7782794100389228e-08, 0.0001                , 1.7832032443061104e-07, 4.116453410672145e-11 , 8.725712562480976e-16 , 9.72403197477149e-07  , 3.019360068576371e-05 , 0.0999394333592321, 0.1000000031975435, 1.4051278600538486e-17, 9.040221897078848e-18 , 0.0002464700284364, -0.0001145351253617  , 6.86556392091837e-05
77, 1e-08                 , 0.0001                , 3.6930868363614483e-07, 1.5179378908348244e-10, 5.728836548655509e-15 , 1.131055160691882e-06 , 1.9724112914895464e-05, 0.0999607974237412, 0.1000000031975435, 2.4891837915747243e-18, 2.851505580681651e-18 , 0.0002464700284364, -0.0001377946892742  , 7.87753746892884e-05
