sim,specified_pH,input_Zn_mol_L,time_days,pH,TOT-H+,TOT-Zn++,TOT-Na+,TOT-NO3-,TOT-Fe+++,TOT-O2(aq),SURF-H+,SURF-Zn++,SURF-Na+,SURF-NO3-,SURF-Fe+++,SURF-O2(aq),H+,Zn++,Na+,NO3-,Fe+++,O2(aq),Fe++,OH-,Zn(OH)2(aq),Zn(OH)3-,Zn(OH)4--,ZnOH+,>FeOH_str,>FeOH_weak,>FeO-_str,>FeOH2+_str,>FeOHZn+_str,>FeO-_w,>FeOH2+_w,>FeOHZn+_w
ph5p00_zn1e-07,5.0,1e-07,365.0,4.99635179188942,1.21071668579707e-05,9.96088858306735e-08,0.0999877949250207,0.1,2.59877066585135e-09,0.000246469999999952,0.000127188565677089,3.91114169326836e-10,0.0,0.0,0.0,0.0,1.210849473140928e-05,9.960327396019113e-08,0.0999877981223431,0.10000000319754354,2.5958389766151066e-09,0.00024647002916950876,2.9324029589485202e-12,1.317401725761898e-09,1.813505366090861e-15,7.349990948801437e-22,2.735187288571505e-29,5.632358505765793e-12,2.46004437217415e-06,9.84083163827685e-05,4.40678760315584e-08,3.14603637281763e-06,3.75389867698923e-10,1.76283222218164e-06,0.000125849820516654,1.5724301627913e-11
ph5p25_zn1e-07,5.25,1e-07,365.0,5.24619966280893,6.80913857574258e-06,9.89311196051516e-08,0.0999930524014506,0.1,4.63025808141159e-10,0.000246469999999918,0.000109568955879275,1.06888039484837e-09,0.0,0.0,0.0,0.0,6.811492471405398e-06,9.892119223822451e-08,0.0999930555988685,0.10000000319754354,4.6209798939093665e-10,0.0002464700286683676,9.279570431135715e-13,2.3418878155660773e-09,5.6915473566530916e-15,4.10058831687228e-21,2.7126531672337914e-28,9.943835111303375e-12,2.84242080146789e-06,0.000113717469087488,6.75617581822358e-08,2.73952822896987e-06,1.02590252655421e-09,2.70296085097171e-06,0.000109601019139854,4.2977868294161e-11
ph5p50_zn1e-07,5.5,1e-07,365.0,5.49620992412689,3.82611019807952e-06,9.71316675184248e-08,0.0999960130454969,0.1,8.24615095006104e-11,0.000246469999999862,9.31074622286358e-05,2.86833248157554e-09,0.0,0.0,0.0,0.0,3.830293178710853e-06,9.71143112962894e-08,0.09999601624296825,0.10000000319754354,8.21681042111561e-11,0.0002464700285096782,2.9343190474707986e-13,4.164629226454704e-09,1.7670335195939315e-14,2.2639709955358447e-20,2.6633558838592053e-27,1.7360334152946446e-11,3.18196711017375e-06,0.000127340674139337,9.79568845317256e-08,2.36786198799865e-06,2.75296788235215e-09,3.92018373610064e-06,9.47606091937511e-05,1.15364599223389e-10
ph5p75_zn1e-07,5.75,1e-07,365.0,5.74631094022305,2.1459935861144e-06,9.25589885513075e-08,0.0999976874113559,0.1,1.46943348002988e-11,0.000246469999999714,7.80846391996251e-05,7.4410114486924e-09,0.0,0.0,0.0,0.0,2.1534311917165998e-06,9.252953518629079e-08,0.09999769060885755,0.10000000319754354,1.4601591740678162e-11,0.0002464700284593619,9.274815732763422e-14,7.407597135875336e-09,5.3265250976367545e-14,1.21386687539907e-19,2.5399806524891518e-26,2.942092004240765e-11,3.47028139714113e-06,0.000138986747211874,1.3538896196451e-07,2.037727483925e-06,7.14151014647797e-09,5.42240506756274e-06,8.1612146756676e-05,2.99501302214428e-10
ph6p00_zn1e-07,6.0,1e-07,365.0,5.996474334367,1.19728315102548e-06,8.20650487894927e-08,0.0999986489853304,0.1,2.6229483394781e-12,0.000246469999999881,6.45977919898359e-05,1.79349512105075e-08,0.0,0.0,0.0,0.0,1.210507832001728e-06,8.201852510180006e-08,0.09999865218284909,0.10000000319754354,2.593641832069593e-12,0.0002464700284436643,2.930748095739273e-14,1.317773427104011e-08,1.494178049862346e-13,6.057491659711942e-19,2.254839096765399e-25,4.6392868490226744e-11,3.70313701381779e-06,0.000148577597578985,1.79438158518268e-07,1.75075242079294e-06,1.72118308677675e-08,7.19943399605121e-06,7.02438466748229e-05,7.23120342739958e-10
ph6p25_zn1e-07,6.25,1e-07,365.0,6.2466877166556,6.56875087791552e-07,6.27067167370102e-08,0.0999992238199146,0.1,4.69801177424725e-13,0.000246470000000065,5.26250947281005e-05,3.729328326299e-08,0.0,0.0,0.0,0.0,6.803841994125518e-07,6.264332830885362e-08,0.09999922701744432,0.10000000319754354,4.605426269765342e-13,0.00024647002843883494,9.258736274131153e-15,2.344520981197474e-08,3.612368113439047e-13,2.605528631439827e-18,1.7255674906536617e-24,6.304163764799462e-11,3.88008756444813e-06,0.000156191645789192,2.29073781194022e-07,1.50559320520476e-06,3.57848855490379e-08,9.22128954595523e-06,6.06071581333079e-05,1.50839771395206e-09
ph6p50_zn1e-07,6.5,1e-07,365.0,6.49694448079077,3.40595675857018e-07,3.80919525738839e-08,0.0999995869141164,0.1,8.46765886451615e-14,0.000246470000000232,4.2082543799348e-05,6.19080474261166e-08,0.0,0.0,0.0,0.0,3.8238201195116337e-07,3.8023181407336355e-08,0.09999959011165327,0.10000000319754354,8.175221477812504e-14,0.00024647002843742184,2.924409437637558e-15,4.171679015125409e-08,6.941912982040499e-13,8.909221898057629e-18,1.0498630020220358e-23,6.808600997840956e-11,4.00781048026464e-06,0.000162013610067634,2.82977206189629e-07,1.30035782648509e-06,5.9393925635699e-08,1.1439203268715e-05,5.25662744951937e-05,2.5141217904176e-09
ph6p75_zn1e-07,6.75,1e-07,365.0,6.74725092874061,1.40580923496877e-07,1.82608061933384e-08,0.0999998251446207,0.1,1.54305551418994e-14,0.000246470000000254,3.28525853732496e-05,8.17391938066612e-08,0.0,0.0,0.0,0.0,2.148775324415994e-07,1.8201758188700884e-08,0.09999982834216156,0.10000000319754354,1.4507086682035807e-14,0.00024647002843694495,9.23475323043884e-16,7.423647423231527e-08,1.0523420749974422e-12,2.4033886103979892e-17,5.0399162122995645e-23,5.8000162600835e-11,4.09969610489824e-06,0.000166292985285034,3.40012653738538e-07,1.13242181747492e-06,7.84088629659977e-08,1.37916854771222e-05,4.59336008804421e-05,3.33033084066355e-09
ph7p00_zn1e-07,7.0,1e-07,365.0,6.99762868076558,-1.14432575453287e-08,7.43780291973329e-09,0.0999999981220503,0.1,2.86456262354348e-15,0.000246470000000291,2.47775136634612e-05,9.25621970802664e-08,0.0,0.0,0.0,0.0,1.207294617046804e-07,7.39451296120365e-09,0.10000000131959379,0.10000000319754354,2.5730429687466838e-15,0.0002464700284368202,2.915209999527184e-16,1.3212807504334835e-07,1.3542804614993023e-12,5.504950908265564e-17,2.0546155784408274e-22,4.1937559985560535e-11,4.1662814668684e-06,0.000169308756631446,3.99089512116172e-07,9.96384300430615e-07,8.87841596142811e-08,1.62181431151855e-05,4.04909241874125e-05,3.77803746598528e-09
ph7p25_zn1e-07,7.25,1e-07,365.0,7.24809983025048,-1.67429148151697e-07,2.78707152706875e-09,0.100000163240546,0.1,5.48059370017851e-16,0.000246470000000131,1.76627929782486e-05,9.72129284729326e-08,0.0,0.0,0.0,0.0,6.781755557556975e-08,2.7576295870445355e-09,0.1000001664380925,0.10000000319754354,4.560723857056761e-16,0.00024647002843661026,9.198725519922363e-17,2.3521569443919032e-07,1.6005790970821682e-12,1.158225636217164e-16,7.695583737263002e-22,2.7842009847249165e-11,4.2127195925795e-06,0.000171333083366244,4.59188050297947e-07,8.85389780031998e-07,9.32420161998795e-08,1.86753717595999e-05,3.60091759365874e-05,3.97091227305313e-09
ph7p50_zn1e-07,7.5,1e-07,365.0,7.49867397274907,-3.80767735321368e-07,1.0082536098279e-09,0.100000380164708,0.1,1.09793530712627e-16,0.000246470000000048,1.12903934145545e-05,9.89917463901721e-08,0.0,0.0,0.0,0.0,3.808623311253087e-08,9.886602112774784e-10,0.10000038336225849,0.10000000319754354,8.078145953088619e-17,0.00024647002843651377,2.901212809086495e-17,4.1883263119999254e-07,1.819434050951917e-12,2.344372278955731e-16,2.7736351647719425e-21,1.7774021524410157e-11,4.24256965690994e-06,0.000172599995057549,5.19891971175276e-07,7.93130826275357e-07,9.49469847515585e-08,2.11507079248922e-05,3.22668542307368e-05,4.04476163861353e-09
ph7p75_zn1e-07,7.75,1e-07,365.0,7.74932997719296,-7.24557484904613e-07,3.61557115113343e-10,0.100000725022897,0.1,2.34470336220135e-17,0.000246470000000014,5.42500086696077e-06,9.96384428848869e-08,0.0,0.0,0.0,0.0,2.1385138822503208e-08,3.4836918604901365e-10,0.10000072822045389,0.10000000319754354,1.4300272149793274e-17,0.0002464700284364739,9.14677415791394e-18,7.459275421676403e-07,2.033483183439198e-12,4.666454113254136e-16,9.832549835804644e-21,1.1154089247032378e-11,4.25894449104195e-06,0.000173285483507077,5.81751402807595e-07,7.14276723031903e-07,9.55668222507285e-08,2.36699664291428e-05,2.90620804187642e-05,4.0716206341585e-09
ph8p00_zn1e-07,8.0,1e-07,365.0,7.99999991610293,-1.31652008553139e-06,1.31233399679868e-10,0.100001316258281,0.1,5.41480858483724e-18,0.000246470000000004,-1.81848450278245e-07,9.98687666003205e-08,0.0,0.0,0.0,0.0,1.2007213603167415e-08,1.220154126784797e-10,0.10000131945584852,0.10000000319754354,2.531253213283514e-18,0.0002464700284364626,2.8835584130378963e-18,1.3285160666577119e-06,2.25919997429947e-12,9.233605097560043e-16,3.4651424764717715e-20,6.957905633826183e-12,4.26398876483484e-06,0.000173497609523502,6.46364776057185e-07,6.44398319676381e-07,9.57875786343294e-08,2.62999622471349e-05,2.62199490198377e-05,4.08118796599105e-09
ph5p00_zn3p98107171e-07,5.0,3.981071705534969e-07,365.0,4.99635215569134,1.21071413591412e-05,3.96550413048715e-07,0.0999872010991141,0.1,2.59876751386332e-09,0.000246469999999952,0.000127186570320618,1.55675795128595e-09,0.0,0.0,0.0,0.0,1.2108486035327833e-05,3.965280641595801e-07,0.09998720429642562,0.10000000319754354,2.5958358272121543e-09,0.00024647002916950876,2.9324003730208405e-12,1.3174031839236823e-09,7.219705901715275e-15,2.926091934921704e-21,1.0889024009688819e-28,2.2422845554096235e-11,2.45956146884572e-06,9.84084641169351e-05,4.40593626901146e-08,3.14540902099494e-06,1.49415837896597e-09,1.76284035494135e-06,0.000125849617775205,6.25995723199792e-11
ph5p25_zn3p98107171e-07,5.25,3.981071705534969e-07,365.0,5.24620086517497,6.80909084171297e-06,3.93854078488501e-07,0.0999924627006367,0.1,4.63022562316474e-10,0.000246469999999918,0.000109563378947126,4.25309251149697e-09,0.0,0.0,0.0,0.0,6.811474421996021e-06,3.938145490653851e-07,0.09999246589804492,0.10000000319754354,4.6209474797210383e-10,0.00024647002866836205,9.279526363329471e-13,2.3418949253136714e-09,2.2658689802131225e-14,1.632495335042321e-20,1.0799449245218639e-27,3.958742817433184e-11,2.84090202482093e-06,0.000113718158179406,6.75266043454536e-08,2.73802606786712e-06,4.08199413231268e-09,2.70301510152527e-06,0.000109600147677641,1.71098379184283e-10
ph5p50_zn3p98107171e-07,5.5,3.981071705534969e-07,365.0,5.49621358423158,3.82602646689195e-06,3.86703715166046e-07,0.0999954342556659,0.1,8.24595315233507e-11,0.000246469999999862,9.30924316982928e-05,1.14034558339546e-08,0.0,0.0,0.0,0.0,3.830261344779099e-06,3.8663460805342915e-07,0.09999543745312683,0.10000000319754354,8.216613095202647e-11,0.0002464700285096782,2.9342718600417557e-13,4.164665418324132e-09,7.03508301705433e-14,9.013616814251547e-20,1.0603797980811334e-26,6.911606316031972e-11,3.17741360498387e-06,0.000127342942100403,9.78214099516224e-08,2.36435976654311e-06,1.09441691196104e-08,3.92044212480231e-06,9.47577389223376e-05,4.59286714344173e-10
ph5p75_zn3p98107171e-07,5.75,3.981071705534969e-07,365.0,5.74632110611,2.14585518565355e-06,3.68584253890864e-07,0.0999971361728071,0.1,1.46933228459474e-11,0.000246469999999714,7.80457205203065e-05,2.95229171091346e-08,0.0,0.0,0.0,0.0,2.1533810246060836e-06,3.6846695626084775e-07,0.09999713937029867,0.10000000319754354,1.4600584059479354e-11,0.0002464700284593564,9.27438838374766e-14,7.407772388720443e-09,2.1212024526637322e-13,4.834143040571959e-19,1.011554637010702e-25,1.1716134656692894e-10,3.45742590267462e-06,0.000138993196813218,1.34907572142176e-07,2.02987555401501e-06,2.83303243512801e-08,5.42346683806759e-06,8.16037422936104e-05,1.19259275785453e-09
ph6p00_zn3p98107171e-07,6.0,3.981071705534969e-07,365.0,5.99649827242343,1.19707632402934e-06,3.27225784344158e-07,0.0999981602717061,0.1,2.62251907293341e-12,0.000246469999999882,6.45044504606876e-05,7.08813866558426e-08,0.0,0.0,0.0,0.0,1.2104412310635119e-06,3.270402595621195e-07,0.09999816346921708,0.10000000319754354,2.5932157767734964e-12,0.0002464700284436643,2.930426955598793e-14,1.3178463575330183e-08,5.958530625232231e-13,2.41575952297347e-18,8.992918699896514e-25,1.8499680382911836e-10,3.67017933157651e-06,0.000148593490981545,1.77915491329257e-07,1.734446000632e-06,6.79986004614741e-08,7.20321313226044e-06,7.02220144703012e-05,2.88278619436851e-09
ph6p25_zn3p98107171e-07,6.25,3.981071705534969e-07,365.0,6.24672935127009,6.56615791874982e-07,2.51373323194702e-07,0.0999988488721952,0.1,4.69667355300107e-13,0.000246470000000065,5.24319800075485e-05,1.46733847805299e-07,0.0,0.0,0.0,0.0,6.803190278775228e-07,2.511191878534436e-07,0.09999885206971694,0.10000000319754354,4.604105751608827e-13,0.00024647002843883494,9.256965914085639e-15,2.3447461575829094e-08,1.4483719304683777e-12,1.0447819755706888e-17,6.91996082488833e-24,2.5274003361123825e-10,3.80844635704048e-06,0.000156223549999581,2.2506627250136e-07,1.47633611742393e-06,1.40690689430946e-07,9.23228234890656e-06,6.05597263593378e-05,6.04315837435264e-09
ph6p50_zn3p98107171e-07,6.5,3.981071705534969e-07,365.0,6.4969913228776,3.40337381430807e-07,1.54623211782494e-07,0.0999993561731939,0.1,8.46495521980651e-14,0.000246470000000233,4.17613189218111e-05,2.43483959217509e-07,0.0,0.0,0.0,0.0,3.823407893161798e-07,1.5434402191279457e-07,0.0999993593707256,0.10000000319754354,8.17258081763417e-14,0.00024647002843742184,2.9237795813536546e-15,4.1721294317149816e-08,2.8184741768106166e-12,3.617608512195321e-17,4.2634522788037503e-23,2.7640506114952204e-10,3.88445817840795e-06,0.000162062357858337,2.74773498019298e-07,1.25801562343386e-06,2.33292138714121e-07,1.14637457594428e-05,5.24853065150569e-05,1.01918205033878e-08
ph6p75_zn3p98107171e-07,6.75,3.981071705534969e-07,365.0,6.74728455745481,1.40370874313062e-07,7.52699776773539e-08,0.099999712595887,0.1,1.54270463400974e-14,0.000246470000000254,3.24238832766016e-05,3.22837193322648e-07,0.0,0.0,0.0,0.0,2.1486089944763374e-07,7.502656467587164e-08,0.09999971579342647,0.10000000319754354,1.4503720740755556e-14,0.00024647002843694495,9.233324610131448e-16,7.424222667290351e-08,4.3383625182682e-12,9.908925393139993e-17,2.0780671373469104e-22,2.3909170741591363e-10,3.93145025874942e-06,0.000166349453200006,3.26945873065593e-07,1.08300307073556e-06,3.09140236527064e-07,1.38338942721904e-05,4.58245575444447e-05,1.36969567955846e-08
ph7p00_zn3p98107171e-07,7.0,3.981071705534969e-07,365.0,6.99764596111207,-1.15947052284891e-08,3.09903900909791e-08,0.0999999517067647,0.1,2.86423258922522e-15,0.000246470000000291,2.4285841809331e-05,3.67116780909018e-07,0.0,0.0,0.0,0.0,1.2072465919016956e-07,3.081000995312791e-08,0.09999995490430712,0.10000000319754354,2.572736113832348e-15,0.0002464700284368202,2.9149782039862123e-16,1.3213333529118444e-07,5.643199543422369e-12,2.293968954328971e-16,8.562133032773276e-22,1.7474416532629703e-10,3.97098034801329e-06,0.000169361235478944,3.81673048336964e-07,9.46463694066247e-07,3.5142234861298e-07,1.62782520578796e-05,4.03664200023904e-05,1.56944322960379e-08
ph7p25_zn3p98107171e-07,7.25,3.981071705534969e-07,365.0,7.24810706734126,-1.67533204631916e-07,1.16754872637654e-08,0.10000014575021,0.1,5.48033524833769e-16,0.000246470000000131,1.71409936200621e-05,3.86431683736233e-07,0.0,0.0,0.0,0.0,6.781642571468921e-08,1.1552147908065126e-08,0.10000014894775658,0.10000000319754354,4.560496040273292e-16,0.00024647002843661026,9.198419168106753e-17,2.352196160056637e-07,6.705303104589991e-12,4.852233457294473e-16,3.2240170561746146e-21,1.1663653874343592e-10,4.00420796545189e-06,0.000171373877323011,4.38145674915527e-07,8.38329403229523e-07,3.69856395512389e-07,1.87519538939928e-05,3.58791954694771e-05,1.65752882238443e-08
ph7p50_zn3p98107171e-07,7.5,3.981071705534969e-07,365.0,7.49867650582407,-3.80838906175016e-07,4.23375054869619e-09,0.100000373836826,0.1,1.09791780167346e-16,0.000246470000000048,1.07551515925428e-05,3.93873420451297e-07,0.0,0.0,0.0,0.0,3.808601101953928e-08,4.151475451983342e-09,0.10000037703437692,0.10000000319754354,8.078004716881055e-17,0.00024647002843651377,2.9011789906774273e-17,4.188350753105664e-07,7.640060511706795e-12,9.844407712328998e-16,1.1647021743994656e-20,7.463519127668257e-11,4.02802931845983e-06,0.000172625258604397,4.9566703134184e-07,7.49885903644897e-07,3.76957185665562e-07,2.12423104974712e-05,3.21371166381623e-05,1.69162347857347e-08
ph7p75_zn3p98107171e-07,7.75,3.981071705534969e-07,365.0,7.74933059075875,-7.24607335076385e-07,1.51980870605863e-09,0.100000722768623,0.1,2.34469472653598e-17,0.000246470000000014,4.88420595026226e-06,3.96587362293939e-07,0.0,0.0,0.0,0.0,2.1385108619535462e-08,1.4643730070368936e-09,0.10000072596617954,0.10000000319754354,1.430021161049604e-17,0.0002464700284364739,9.146748340512197e-18,7.459285967649376e-07,8.547788976141708e-12,1.9615564934392325e-15,4.133144528661246e-20,4.6886380618313466e-11,4.04163495130981e-06,0.000173293335082487,5.54501773633393e-07,6.74856145015246e-07,3.7954656917373e-07,2.37753935794182e-05,2.89358325205926e-05,1.7040793120209e-08
ph8p00_zn3p98107171e-07,8.0,3.981071705534969e-07,365.0,8.00000001898406,-1.3165572017984e-06,5.51925580544663e-10,0.100001315456262,0.1,5.41480542712282e-18,0.000246470000000004,-7.2383067757353e-07,3.97555245419454e-07,0.0,0.0,0.0,0.0,1.2007210760645417e-08,5.13157663426282e-10,0.10000131865382934,0.10000000319754354,2.531251418728714e-18,0.0002464700284364626,2.8835570498765997e-18,1.3285163818460568e-06,9.501474465389992e-12,3.883360697411922e-15,1.4573290891611243e-19,2.926272478356384e-11,4.04544203911812e-06,0.000173486931053003,6.16031128824381e-07,6.08596268879044e-07,3.80470002381197e-07,2.64182131273043e-05,2.60993725550955e-05,1.70852430382569e-08
ph5p00_zn1p58489319e-06,5.0,1.584893192461114e-06,365.0,4.99635360085259,1.21070399342853e-05,1.5787003054273e-06,0.0999848370264796,0.1,2.5987550222699e-09,0.000246469999999952,0.000127178634655667,6.19288457270717e-09,0.0,0.0,0.0,0.0,1.2108451503746798e-05,1.5786113022503412e-06,0.0999848402237498,0.10000000319754354,2.5958233458675695e-09,0.00024647002916950876,2.9323901209289e-12,1.3174089793959238e-09,2.8742342178800455e-14,1.1649106277528738e-20,4.335073560631297e-28,8.926731570196414e-11,2.45764086256957e-06,9.84090512093426e-05,4.40255025200781e-08,3.14291397470405e-06,5.94367119020336e-09,1.76287267941995e-06,0.000125848811747476,2.49213382503805e-10
ph5p25_zn1p58489319e-06,5.25,1.584893192461114e-06,365.0,5.24620562272323,6.80890126253802e-06,1.56799605231298e-06,0.0999901149915583,0.1,4.63009733919919e-10,0.000246469999999918,0.000109541235931844,1.68971376870198e-08,0.0,0.0,0.0,0.0,6.811403023830645e-06,1.5678386479028507e-06,0.09999011818892213,0.10000000319754354,4.6208193699074814e-10,0.00024647002866836205,9.279352174853756e-13,2.3419230727643176e-09,9.020952761999375e-14,6.499423914383788e-20,4.299626205550779e-27,1.576052529862099e-10,2.83487160171764e-06,0.000113720892131255,6.73870115884812e-08,2.73206210148993e-06,1.62159764459305e-08,2.7032303939363e-06,0.000109596688373566,6.81161241089307e-10
ph5p50_zn1p58489319e-06,5.5,1.584893192461114e-06,365.0,5.49622791728493,3.82569518288417e-06,1.53974048324342e-06,0.0999931295728974,0.1,8.24517930436894e-11,0.000246469999999862,9.30330106894355e-05,4.51527067565743e-08,0.0,0.0,0.0,0.0,3.830136714291897e-06,1.5394652810066039e-06,0.09999313277031727,0.10000000319754354,8.215841093301308e-11,0.0002464700285096724,2.93408722970435e-13,4.164807221475614e-09,2.801338456997582e-13,3.589304590790847e-19,4.222682191785462e-26,2.752083139738388e-10,3.15941167373714e-06,0.000127351896327759,9.72856801746704e-08,2.35051753061124e-06,4.33240661210856e-08,3.92146296097206e-06,9.47463945067275e-05,1.82864063548867e-09
ph5p75_zn1p58489319e-06,5.75,1.584893192461114e-06,365.0,5.74635995333601,2.14531178977366e-06,1.46892420302321e-06,0.0999949386106052,0.1,1.46894593957479e-11,0.000246469999999715,7.78934299140086e-05,1.15968986976791e-07,0.0,0.0,0.0,0.0,2.153189369658639e-06,1.4684566659445354e-06,0.09999494180805678,0.10000000319754354,1.45967369253212e-11,0.0002464700284593564,9.272756651132905e-14,7.408442431952635e-09,8.455143590900605e-13,1.9270710189103524e-18,4.032809878604301e-25,4.669655943760702e-10,3.40712437061169e-06,0.000139018364836444,1.33022491417391e-07,1.99917528217132e-06,1.11217209005487e-07,5.42761790695963e-06,8.15708640171911e-05,4.75177797130367e-09
ph6p00_zn1p58489319e-06,6.0,1.584893192461114e-06,365.0,5.9965858562732,1.19627032009569e-06,1.31068658999367e-06,0.0999961992833866,0.1,2.62095007179794e-12,0.000246469999999882,6.41462856186349e-05,2.74206600006332e-07,0.0,0.0,0.0,0.0,1.2101976268473037e-06,1.3099433055339941e-06,0.09999620248086077,0.10000000319754354,2.5916585150937345e-12,0.0002464700284436643,2.9292529539603004e-14,1.3181133308765517e-08,2.3876153241056716e-12,9.682041090117277e-18,3.6049783817004265e-24,7.411434567039647e-10,3.54377669972578e-06,0.000148654128564503,1.72063399085368e-07,1.67203042515609e-06,2.62668900041083e-07,7.21770495681245e-06,7.01382301493829e-05,1.1537699965249e-08
ph6p25_zn1p58489319e-06,6.25,1.584893192461114e-06,365.0,6.24687671070132,6.55587736821231e-07,1.02735191815473e-06,0.0999973054729641,0.1,4.69194239238048e-13,0.000246470000000065,5.17077480418284e-05,5.57541271845267e-07,0.0,0.0,0.0,0.0,6.800884428034209e-07,1.0263129052588502e-06,0.09999730867046004,0.10000000319754354,4.599437194490856e-13,0.00024647002843883494,9.250705383491826e-15,2.3455435389998043e-08,5.923436113746143e-12,4.274319681138669e-17,2.8320001148097423e-23,1.0332862466788416e-09,3.54031962943487e-06,0.000156341874454184,2.09997291161446e-07,1.36732335099976e-06,5.32899164803308e-07,9.2735610256228e-06,6.03815242794582e-05,2.46421070419589e-08
ph6p50_zn1p58489319e-06,6.5,1.584893192461114e-06,365.0,6.49716549436064,3.39238554834835e-07,6.63571571615934e-07,0.0999983470624915,0.1,8.45491269755885e-14,0.000246470000000232,4.05629148616112e-05,9.21321618384064e-07,0.0,0.0,0.0,0.0,3.82187563061947e-07,6.623729204759153e-07,0.09999835026000602,0.10000000319754354,8.16277231089224e-14,0.00024647002843742184,2.9214393855642534e-15,4.173804914154206e-08,1.2105270573540411e-11,1.5543771954772618e-16,1.8326141953005155e-22,1.186676923868884e-09,3.42657568916085e-06,0.000162240402480191,2.44061411869926e-07,1.10210130488891e-06,8.77801032656186e-07,1.15557411502354e-05,5.21819377372117e-05,4.35205857278777e-08
ph6p75_zn1p58489319e-06,6.75,1.584893192461114e-06,365.0,6.74742797957015,1.39386572860169e-07,3.45174584820833e-07,0.0999991791790722,0.1,1.54120925273342e-14,0.000246470000000254,3.07943349835043e-05,1.23971860517299e-06,0.0,0.0,0.0,0.0,2.1478997864179568e-07,3.4405795578389434e-07,0.09999918237660127,0.10000000319754354,1.4489375895721788e-14,0.00024647002843694495,9.227234868527137e-16,7.42667668899272e-08,1.9908057087802306e-11,4.548551794503686e-16,9.542230680660122e-22,1.0967919521456138e-09,3.29715088353641e-06,0.000166555986572336,2.77056807804317e-07,8.98894647792378e-07,1.17743709994425e-06,1.39955590735856e-05,4.54077748222748e-05,6.22815052287395e-08
ph7p00_zn1p58489319e-06,7.0,1.584893192461114e-06,365.0,6.99773008339733,-1.23573267889383e-08,1.49842097870845e-07,0.099999717436891,0.1,2.86262655182107e-15,0.000246470000000291,2.2374571114067e-05,1.43505108863441e-06,0.0,0.0,0.0,0.0,1.207012830487166e-07,1.489697628807426e-07,0.09999972063442991,0.10000000319754354,2.5712428862684187e-15,0.0002464700284368202,2.913850098281173e-16,1.321589461460657e-07,2.7296048803395892e-11,1.1098035057466612e-15,4.1430940737612825e-21,8.450706049587169e-10,3.21962402560634e-06,0.000169552564492842,3.13584459714315e-07,7.57278739205921e-07,1.36005221450298e-06,1.65140553406649e-05,3.98799832638747e-05,7.49988741314322e-08
ph7p25_zn1p58489319e-06,7.25,1.584893192461114e-06,365.0,7.24814498233954,-1.68076919204201e-07,5.81075290148352e-08,0.100000054425694,0.1,5.47898142355103e-16,0.000246470000000131,1.50851133822191e-05,1.52678565865003e-06,0.0,0.0,0.0,0.0,6.781050669686255e-08,5.749362638849973e-08,0.10000005762323896,0.10000000319754354,4.5593026956482e-16,0.00024647002843661026,9.196814359998102e-17,2.352401620717179e-07,3.337729570274805e-11,2.41552956000472e-15,1.6051143239546888e-20,5.805364083160941e-10,3.19221051455052e-06,0.000171518517085972,3.54672909243724e-07,6.58195649541869e-07,1.44546036577324e-06,1.9056691647643e-05,3.5365067948214e-05,8.13252928767867e-08
ph7p50_zn1p58489319e-06,7.5,1.584893192461114e-06,365.0,7.49869033046106,-3.81216920827845e-07,2.1346444062958e-08,0.100000340291449,0.1,1.09782226604839e-16,0.000246470000000048,8.63359887039685e-06,1.56354674297418e-06,0.0,0.0,0.0,0.0,3.808479892929597e-08,2.0931600869863466e-08,0.10000034348899862,0.10000000319754354,8.077233925907084e-17,0.00024647002843651377,2.9009944249194866e-17,4.188484144829002e-07,3.852338104791706e-11,4.9639914246965435e-15,5.873137411814578e-20,3.7632011389532764e-10,3.18825688313198e-06,0.000172707037217461,3.98915757565835e-07,5.83747988990848e-07,1.47961880942346e-06,2.16091617209292e-05,3.16214751028753e-05,8.39279335507146e-08
ph7p75_zn1p58489319e-06,7.75,1.584893192461114e-06,365.0,7.74933431770341,-7.24874379350139e-07,7.70594346915251e-09,0.100000710739901,0.1,2.34464226503942e-17,0.000246470000000014,2.73548795473875e-06,1.57718724448612e-06,0.0,0.0,0.0,0.0,2.138492515340339e-08,7.424862904483809e-09,0.10000071393745726,0.10000000319754354,1.429984383473029e-17,0.0002464700284364739,9.146591501037813e-18,7.459350021190066e-07,4.334090367946237e-11,9.94600608398975e-15,2.0957150217179452e-19,2.3773173230253444e-10,3.18958806801813e-06,0.00017330462745553,4.45364791661913e-07,5.23303081772312e-07,1.49228349767982e-06,2.41986669320838e-05,2.84334038411982e-05,8.49037468062962e-08
ph8p00_zn1p58489319e-06,8.0,1.584893192461114e-06,365.0,8.00000083544757,-1.31675686361846e-06,2.80569255362658e-09,0.100001311163793,0.1,5.41478034863243e-18,0.000246470000000004,-2.8793346182726e-06,1.58208749704243e-06,0.0,0.0,0.0,0.0,1.2007188197565224e-08,2.608616844469343e-09,0.10000131436136027,0.10000000319754354,2.531237166019059e-18,0.0002464700284364626,2.883546224082815e-18,1.3285188819639771e-06,4.830055389020074e-11,1.9741022971628944e-14,7.408330959244226e-19,1.4875619216073638e-10,3.18828930649352e-06,0.000173423482866425,4.94418437639853e-07,4.70999845221373e-07,1.49683184984799e-06,2.68933459968163e-05,2.56195174680047e-05,8.52556471944334e-08
ph5p00_zn6p30957344e-06,5.0,6.30957344480193e-06,365.0,4.99635930446268,1.2106637535087e-05,6.28499301597393e-06,0.0999754253397139,0.1,2.59870618360556e-09,0.000246469999999953,0.000127147168342706,2.45804240261093e-08,0.0,0.0,0.0,0.0,1.2108315416640956e-05,6.284638561706417e-06,0.099975428536814,0.10000000319754354,2.5957745473341237e-09,0.00024647002916949743,2.9323499773639894e-12,1.3174319010738242e-09,1.1442807988482683e-13,4.6377885282251346e-20,1.7259420263106072e-27,3.5538525338115657e-10,2.45002425513596e-06,9.84113719380784e-05,4.38912087923966e-08,3.13302025948314e-06,2.35882878623748e-08,1.76300053546774e-06,0.000125845620251509,9.92136163734437e-10
ph5p25_zn6p30957344e-06,5.25,6.30957344480193e-06,365.0,5.24622411124125,6.80815355673253e-06,6.24284942557151e-06,0.0999807675300402,0.1,4.62960110724836e-10,0.000246469999999918,0.000109454009877718,6.67240144284836e-08,0.0,0.0,0.0,0.0,6.811125873812251e-06,6.2422225917046175e-06,0.09998077072723535,0.10000000319754354,4.620323811932919e-10,0.00024647002866834487,9.27867805725842e-13,2.342032698455877e-09,3.591875384476358e-13,2.5880005618590675e-19,1.7121600076918398e-26,6.275137025771984e-10,2.8111139135071e-06,0.000113731629566945,6.68368856652132e-08,2.70857372568397e-06,6.40121666803247e-08,2.70407680248121e-06,0.000109583073854609,2.71184774815895e-09
ph5p50_zn6p30957344e-06,5.5,6.30957344480193e-06,365.0,5.49628142924303,3.82440694044155e-06,6.13360122782823e-06,0.099983947096233,0.1,8.24230121878288e-11,0.000246469999999863,9.28028618859909e-05,1.75972212171738e-07,0.0,0.0,0.0,0.0,3.829671891670747e-06,6.132504708189121e-06,0.09998395029348671,0.10000000319754354,8.212969876266085e-11,0.0002464700285096555,2.9334002857721915e-13,4.1653377719801e-09,1.1161811698233735e-12,1.4303260851256013e-18,1.6829538738920978e-25,1.0964258606007902e-09,3.0896853391693e-06,0.000127386398862044,9.52085331011413e-08,2.29695563757191e-06,1.68689440972601e-07,3.92540690799586e-06,9.47024939016878e-05,7.28277119913663e-09
ph5p75_zn6p30957344e-06,5.75,6.30957344480193e-06,365.0,5.74649239176305,2.14325172073138e-06,5.87115996713281e-06,0.0999861449797383,0.1,1.46763374083957e-11,0.000246469999999716,7.73262937095739e-05,4.3841347286719e-07,0.0,0.0,0.0,0.0,2.152536669115716e-06,5.869290594398159e-06,0.0999861481770313,0.10000000319754354,1.4583670380121576e-11,0.00024647002845933926,9.267211998883635e-14,7.4107315774756385e-09,3.3814633024244634e-12,7.70931668865652e-18,1.6138519190998457e-24,1.8669735817927436e-09,3.21989287797281e-06,0.000139111099967689,1.25985369385528e-07,1.88522291724955e-06,4.19438188675434e-07,5.44302682760314e-06,8.14484964621801e-05,1.89752841917557e-08
ph6p00_zn6p30957344e-06,6.0,6.30957344480193e-06,365.0,5.99684218495834,1.19326113740542e-06,5.33008985280162e-06,0.0999881785052563,0.1,2.61637653138545e-12,0.000246469999999881,6.29071502904131e-05,9.79483587198379e-07,0.0,0.0,0.0,0.0,1.2094855153969805e-06,5.327065312322761e-06,0.0999881817025872,0.10000000319754354,2.587119215972652e-12,0.00024647002844365297,2.925828661528096e-14,1.3188963468951046e-08,9.720919860878702e-12,3.944283438329149e-17,1.469484662811012e-23,3.0157186094050183e-09,3.10783983767514e-06,0.000148859258138816,1.51733513288085e-07,1.45826254835322e-06,9.32703524718338e-07,7.26772916393997e-06,6.98478340064863e-05,4.6780062480041e-08
ph6p25_zn6p30957344e-06,6.25,6.30957344480193e-06,365.0,6.24725473819393,6.51485822261665e-07,4.45471116016579e-06,0.099990474208081,0.1,4.67985634755944e-13,0.000246470000000068,4.94273575783851e-05,1.85486227983286e-06,0.0,0.0,0.0,0.0,6.794976628034963e-07,4.450201882066989e-06,0.09999047740545156,0.10000000319754354,4.587511201406618e-13,0.00024647002843883494,9.234699748878956e-15,2.3475933902543562e-08,2.5729140164454924e-11,1.8582244897984568e-16,1.2322721339579932e-22,4.484311498788896e-09,2.70624819407395e-06,0.000156696337187651,1.62410234736423e-07,1.03305116294742e-06,1.74882984464843e-06,9.40382665686914e-06,5.98154055868761e-05,1.06032435184422e-07
ph6p50_zn6p30957344e-06,6.5,6.30957344480193e-06,365.0,6.4976432862447,3.33810117770271e-07,3.37931327440054e-06,0.09999294220581,0.1,8.4274730765998e-14,0.000246470000000233,3.70195601224888e-05,2.9302601651677e-06,0.0,0.0,0.0,0.0,3.8176774627336044e-07,3.3732021875718876e-06,0.0999929454032271,0.10000000319754354,8.13597266024348e-14,0.00024647002843742184,2.915039571120914e-15,4.178409586880039e-08,6.178262983546686e-11,7.941953784832302e-16,9.373959451041736e-22,6.04989521774544e-09,2.11739536611532e-06,0.000162707059963271,1.539483232286e-07,6.67158357486519e-07,2.7120373917472e-06,1.18298544816732e-05,5.12664647350718e-05,2.182227734205e-07
ph6p75_zn6p30957344e-06,6.75,6.30957344480193e-06,365.0,6.74799653042044,1.32487594011546e-07,2.32230979636097e-06,0.099995253611893,0.1,1.53530157191639e-14,0.000246470000000255,2.5919153136205e-05,3.98726363675421e-06,0.0,0.0,0.0,0.0,2.1450914425237042e-07,2.314787178299977e-06,0.09999525680934983,0.10000000319754354,1.4432706970700886e-14,0.00024647002843694495,9.203155782859008e-16,7.436418949097117e-08,1.3428975916617405e-10,3.0722505382444477e-15,6.4536341877360114e-21,7.388744311227105e-09,1.53341325584085e-06,0.000167011762418688,1.32981282466876e-07,4.05067954416477e-07,3.57907694635206e-06,1.44836613816408e-05,4.41179914826503e-05,4.08186690402151e-07
ph7p00_zn6p30957344e-06,7.0,6.30957344480193e-06,365.0,6.99832371124007,-2.03578748800025e-08,1.4227263422044e-06,0.0999971994066148,0.1,2.85132421437348e-15,0.000246470000000291,1.62060161267261e-05,4.88684709008457e-06,0.0,0.0,0.0,0.0,1.205364736253656e-07,1.4144320229969733e-06,0.09999720260410709,0.10000000319754354,2.560735041234055e-15,0.0002464700284368202,2.905905122748115e-16,1.3233986790906374e-07,2.5987790418874707e-10,1.0580589851999048e-14,3.955339378522252e-20,8.034697434070228e-09,1.09149861421136e-06,0.000169821780263759,1.11054555571174e-07,2.45759308341394e-07,4.2022269609061e-06,1.7278521557277e-05,3.82366800213174e-05,6.84620129178473e-07
ph7p25_zn6p30957344e-06,7.25,6.30957344480193e-06,365.0,7.24861920779672,-1.76112214130673e-07,7.48811855775229e-07,0.0999986948420199,0.1,5.46207949148184e-16,0.000246470000000131,7.82640537551385e-06,5.5607615750459e-06,0.0,0.0,0.0,0.0,6.773652062595548e-08,7.408916692793671e-07,0.09999869803954077,0.10000000319754354,4.544405352581713e-16,0.00024647002843661026,9.176768388959788e-17,2.354973189685175e-07,4.3105602382341445e-10,3.1229819451895566e-14,2.0774862035094478e-19,7.489246544509647e-09,8.25324888976314e-07,0.000171446393057967,9.69005571279453e-08,1.61036227294295e-07,4.56727776571117e-06,2.01293469135122e-05,3.34523781939056e-05,9.93483809334724e-07
ph7p50_zn6p30957344e-06,7.5,6.30957344480193e-06,365.0,7.49895478819567,-3.88150257263544e-07,3.34443902795501e-07,0.0999997278792494,0.1,1.09599630517009e-16,0.000246470000000048,6.50561356368134e-07,5.97512952675476e-06,0.0,0.0,0.0,0.0,3.806161952617664e-08,3.279401249562357e-07,0.09999973107678814,0.10000000319754354,8.062502794177251e-17,0.00024647002843651377,2.8974659386746384e-17,4.1910366224419355e-07,6.042894684719174e-10,7.791413489795085e-14,9.224019789273139e-19,5.899480179796151e-09,6.94790684391669e-07,0.000172236242152037,9.26896747940242e-08,1.19309930459692e-07,4.74374914946668e-06,2.29774544090157e-05,2.95765250364729e-05,1.23138037728808e-06
ph7p75_zn6p30957344e-06,7.75,6.30957344480193e-06,365.0,7.74943787612169,-7.30331271446566e-07,1.32927139972666e-07,0.100000468234202,0.1,2.34318464443663e-17,0.000246470000000014,-5.61604590871072e-06,6.17664628890633e-06,0.0,0.0,0.0,0.0,2.1379827531979335e-08,1.280772243490076e-07,0.10000047143175458,0.10000000319754354,1.428962564611369e-17,0.0002464700284364739,9.142233475949596e-18,7.461129756302813e-07,7.479772524644695e-10,1.7168911553609302e-13,3.618511650547246e-18,4.1017962239541534e-09,6.39802904549824e-07,0.000172454829260715,9.58075653570023e-08,9.78796905880008e-08,4.81704927863733e-06,2.58243237248343e-05,2.63828519797989e-05,1.359597010269e-06
ph8p00_zn6p30957344e-06,8.0,6.30957344480193e-06,365.0,8.00003278282673,-1.32102131973548e-06,5.04256927301396e-08,0.100001220903491,0.1,5.41379844057307e-18,0.000246470000000004,-1.13730157695783e-05,6.25914773655086e-06,0.0,0.0,0.0,0.0,1.2006305178702155e-08,4.68834193733266e-08,0.10000122410105726,0.10000000319754354,2.5306791178970644e-18,0.0002464700284364626,2.883122363607531e-18,1.3286166673482077e-06,8.682102981167616e-10,3.5487421404872857e-13,1.3318556795932992e-17,2.6737201427907473e-09,6.17783148793463e-07,0.000172224435778084,1.03089975573745e-07,8.48116781037934e-08,4.84485463673177e-06,2.87392314180479e-05,2.36436416824904e-05,1.41429309981909e-06
ph5p00_zn2p51188643e-05,5.0,2.5118864315095822e-05,365.0,4.99638124849684,1.21050567401372e-05,2.50221612079007e-05,0.0999379544942832,0.1,2.59852543001786e-09,0.000246469999999952,0.000127023864980068,9.67030920992588e-08,0.0,0.0,0.0,0.0,1.2107794907792785e-05,2.5020749533690618e-05,0.09993795769070342,0.10000000319754354,2.595593943220594e-09,0.00024647002916945785,2.932200456039456e-12,1.3175208438617616e-09,4.555881541303574e-13,1.8466362672879186e-19,6.872919158034427e-27,1.4149006091037661e-09,2.42016163224474e-06,9.84203539119772e-05,4.33644740377812e-08,3.09424456805417e-06,9.27533380103382e-08,1.76349662996462e-06,0.000125833184608115,3.94975408892066e-09
ph5p25_zn2p51188643e-05,5.25,2.5118864315095822e-05,365.0,5.24629116419195,6.80527871764723e-06,2.48615186046926e-05,0.0999435385009745,0.1,4.62783548960871e-10,0.000246469999999918,0.000109120806732994,2.57345695307339e-07,0.0,0.0,0.0,0.0,6.810125372150172e-06,2.4859021526960495e-05,0.09994354169749702,0.10000000319754354,4.618560597026514e-10,0.00024647002866828236,9.276274821297994e-13,2.342433854075846e-09,1.4307910418986868e-12,1.031086209084638e-18,6.822829841498912e-26,2.4993076563609682e-09,2.72032906864183e-06,0.000113772166926661,6.47320610109893e-08,2.61892720473586e-06,2.46548358196194e-07,2.70728528268263e-06,0.000109531242567259,1.0797337111145e-08
ph5p50_zn2p51188643e-05,5.5,2.5118864315095822e-05,365.0,5.49644957211072,3.81966467594019e-06,2.4472396996204e-05,0.099947286691927,0.1,8.23340477141772e-11,0.000246469999999862,9.19773789177225e-05,6.4646730379602e-07,0.0,0.0,0.0,0.0,3.828217723802929e-06,2.4468019987967665e-05,0.09994728988851592,0.10000000319754354,8.20409469492587e-11,0.00024647002850960434,2.931273408598417e-13,4.167020020759144e-09,4.456648034701006e-12,5.713277599067017e-18,6.725317839140868e-25,4.376160601517346e-09,2.83973738706881e-06,0.000127507749798629,8.77353147469369e-08,2.1056292132232e-06,6.17437036304003e-07,3.93942503744182e-06,9.4545377360484e-05,2.90302674920173e-08
ph5p75_zn2p51188643e-05,5.75,2.5118864315095822e-05,365.0,5.74680492186413,2.13602902284645e-06,2.36656723377022e-05,0.0999505839346504,0.1,1.46458917669025e-11,0.000246469999999714,7.55496353237908e-05,1.45319196229783e-06,0.0,0.0,0.0,0.0,2.1510036081118894e-06,2.365813156751818e-05,0.09995058713130062,0.10000000319754354,1.4553353610146247e-11,0.0002464700284593052,9.254323833656253e-14,7.416186098125989e-09,1.364902689500398e-11,3.114107895774088e-17,6.524023504227364e-24,7.530622573469378e-09,2.63645848971839e-06,0.000139390339348629,1.03854273645918e-07,1.53326591173522e-06,1.37696067836346e-06,5.49080613414406e-06,8.10642217821434e-05,7.62312839343669e-08
ph6p00_zn2p51188643e-05,6.0,2.5118864315095822e-05,365.0,5.99724251408037,1.18242633414171e-06,2.2373080831744e-05,0.0999541268720358,0.1,2.60937197767512e-12,0.000246469999999881,5.98223905289205e-05,2.74578346825599e-06,0.0,0.0,0.0,0.0,1.2083794230594555e-06,2.2360373530039676e-05,0.09995413006874913,0.10000000319754354,2.580167220046833e-12,0.00024647002844364164,2.9205726329562416e-14,1.3201330495153405e-08,4.087682384505925e-11,1.6601453203493658e-16,6.191045539273044e-23,1.2669752969126699e-08,2.04941793270372e-06,0.000149323849937037,1.01439160617723e-07,9.48539442091927e-07,2.55114288866193e-06,7.39101857050496e-06,6.91120922862073e-05,1.94640579594066e-07
ph6p25_zn2p51188643e-05,6.25,2.5118864315095822e-05,365.0,6.24767278991016,6.34125140989921e-07,2.08252865858084e-05,0.0999577718779648,0.1,4.66678171128935e-13,0.000246470000000067,4.51665815018598e-05,4.29357771417653e-06,0.0,0.0,0.0,0.0,6.788483635276469e-07,2.0804186014815008e-05,0.09995777507474411,0.10000000319754354,4.574610145124206e-13,0.00024647002843882914,9.217341251510093e-15,2.349889124659846e-08,1.205067448925636e-10,8.711839767520844e-16,5.783039761918792e-22,2.0983183040365708e-08,1.28544186920013e-06,0.000157189857790952,7.88544994593684e-08,4.80041054447553e-07,3.80620201330657e-06,9.64269785700302e-06,5.87016705180512e-05,4.87375700869961e-07
ph6p50_zn2p51188643e-05,6.5,2.5118864315095822e-05,365.0,6.49819030700408,3.0435760387124e-07,1.91865067582523e-05,0.0999613817360687,0.1,8.39662688465462e-14,0.000246470000000233,3.1752033954024e-05,5.93235754171245e-06,0.0,0.0,0.0,0.0,3.812896116833216e-07,1.9151766723999e-05,0.0999613849329138,0.10000000319754354,8.105847597101361e-14,0.00024647002843741604,2.9078281579371336e-15,4.183735746328539e-08,3.5164674638230064e-10,4.5260764909649625e-15,5.349137114031948e-21,3.439128040397679e-08,6.68890108166386e-07,0.000162857502740043,5.0166841100277e-08,2.0431147957993e-07,4.72717100973304e-06,1.22143329121185e-05,4.97445797693753e-05,1.20518653197941e-06
ph6p75_zn2p51188643e-05,6.75,2.5118864315095822e-05,365.0,6.74886983794895,8.32526335124824e-08,1.7043335767521e-05,0.0999658949279795,0.1,1.52634757840683e-14,0.000246470000000257,1.87016430066164e-05,8.07552853194276e-06,0.0,0.0,0.0,0.0,2.140794942784746e-07,1.6988015909904163e-05,0.09996589812490522,0.10000000319754354,1.4346824842864102e-14,0.00024647002843694495,9.166577325022644e-16,7.451486844225018e-08,9.894690555795076e-10,2.2682767940865662e-14,4.7745763980432477e-20,5.433296976757366e-08,3.18607169870662e-07,0.000166199957867076,2.89879883393476e-08,8.02219083577349e-08,5.22272237250687e-06,1.51214501641313e-05,4.18473877826721e-05,2.85280615943589e-06
ph7p00_zn2p51188643e-05,7.0,2.5118864315095822e-05,365.0,6.99948569994885,-9.50611137283103e-08,1.36958267635043e-05,0.0999727676692837,0.1,2.82944664742186e-15,0.00024647000000029,4.60737933698469e-06,1.1423037532606e-05,0.0,0.0,0.0,0.0,1.2021499119652304e-07,1.361576387448663e-05,0.0999727708663339,0.10000000319754354,2.540398866761344e-15,0.0002464700284368202,2.890491098444894e-16,1.3269589758097964e-07,2.5149974743399534e-09,1.0267050922559638e-13,3.8485431951297223e-19,7.75499256875898e-08,1.59060615947167e-07,0.000167008096886143,1.76273832507878e-08,3.28804270904904e-08,5.44097101274251e-06,1.8508137369906e-05,3.4523301195657e-05,5.9820665198635e-06
ph7p25_zn2p51188643e-05,7.25,2.5118864315095822e-05,365.0,7.24984673532724,-2.72460166941746e-07,9.2820166646825e-06,0.0999817616969414,0.1,5.41872288732568e-16,0.000246470000000128,-1.04914964954612e-05,1.58368476316562e-05,0.0,0.0,0.0,0.0,6.754556458822687e-08,9.183552069853106e-06,0.09998176489415549,0.10000000319754354,4.506201061642311e-16,0.00024647002843661026,9.125245048943378e-17,2.3616570191651016e-07,5.373210775135649e-09,3.9039214564759447e-13,2.6043989536318325e-18,9.309249511199145e-08,9.28924323990207e-08,0.000165370259773109,1.26392131147293e-08,1.5640139078505e-08,5.52936765451841e-06,2.250075600714e-05,2.78431062173712e-05,1.03074799771378e-05
ph7p50_zn2p51188643e-05,7.5,2.5118864315095822e-05,365.0,7.50000260514551,-4.91626079035185e-07,5.13672496727502e-06,0.0999902546968265,0.1,1.08880710875484e-16,0.000246470000000048,-2.4430890950301e-05,1.99821393286262e-05,0.0,0.0,0.0,0.0,3.796997159513138e-08,5.036575519389899e-06,0.09999025789419287,0.10000000319754354,8.004522078142513e-17,0.00024647002843651377,2.8835546543582e-17,4.201178480585359e-07,9.325569849547828e-09,1.2053040271352062e-12,1.430388840004785e-17,9.082354876607311e-08,6.55920314632953e-08,0.000162279586296919,1.08670609276249e-08,9.06963978434534e-09,5.56501070693656e-06,2.68859206283633e-05,2.24389664278318e-05,1.44171286216897e-05
ph7p75_zn2p51188643e-05,7.75,2.5118864315095822e-05,365.0,7.75009341038701,-8.261814236294e-07,2.37687580719687e-06,0.0999960917898827,0.1,2.33399161537148e-17,0.000246470000000014,-3.53916901673996e-05,2.27419884887662e-05,0.0,0.0,0.0,0.0,2.1347599313004143e-08,2.290008828814454e-06,0.09999609498735594,0.10000000319754354,1.4225199817102714e-17,0.0002464700284364739,9.114728965895271e-18,7.472414968013479e-07,1.3414111675399911e-08,3.0837050259098946e-12,6.509058900495991e-17,7.345021606506702e-08,5.41508581934694e-08,0.000159073004210266,1.06263047139489e-08,6.32162019144846e-09,5.57944065603321e-06,3.12157234633627e-05,1.85703264692519e-05,1.7162547832733e-05
ph8p00_zn2p51188643e-05,8.0,2.5118864315095822e-05,365.0,8.00031047720718,-1.40364672361638e-06,9.84304517398029e-07,0.0999994414991879,0.1,5.4052803194794e-18,0.000246470000000004,-4.35552890856475e-05,2.41345597784952e-05,0.0,0.0,0.0,0.0,1.1998634832106954e-08,9.15108566315108e-07,0.09999944469672203,0.10000000319754354,2.525838949255609e-18,0.0002464700284364626,2.8794444064872324e-18,1.3294675271204663e-06,1.6968073731434566e-08,6.940010875253654e-12,2.606283315306003e-16,5.2221130151370317e-08,4.92862946517261e-08,0.000156323337849581,1.11237723885864e-08,5.00265117584327e-09,5.58512672098682e-06,3.52817196286503e-05,1.58671114427108e-05,1.85494330575084e-05
ph5p00_zn1e-04,5.0,0.0001,365.0,4.99645792105148,1.20990604515891e-05,9.96322409167626e-05,0.0997887470175496,0.1,2.59799747687556e-09,0.000246469999999952,0.000126562205452469,3.67759083237618e-07,0.0,0.0,0.0,0.0,1.2106020748778969e-05,9.962661785871212e-05,0.09978875021126829,0.10000000319754354,2.5950664409523083e-09,0.00024647002916934423,2.931749444339303e-12,1.3178425412621341e-09,1.8142827619239925e-12,7.355717871721767e-19,2.7387465493883485e-26,5.633992847151049e-09,2.30812558171092e-06,9.8452326357761e-05,4.13854210372657e-08,2.94897756276436e-06,3.5203544996904e-07,1.76528132225919e-06,0.000125787653716239,1.57236332685781e-08
ph5p25_zn1e-04,5.25,0.0001,365.0,5.24648239000688,6.79500931718529e-06,9.90881901553218e-05,0.0997951109641905,0.1,4.62323031811063e-10,0.000246469999999918,0.000107982843629007,9.11809844678111e-07,0.0,0.0,0.0,0.0,6.807330639508255e-06,9.907823289848773e-05,0.09979511415802492,0.10000000319754354,4.6139617520267047e-10,0.00024647002866812364,9.269947011699347e-13,2.3436230850672107e-09,5.706338241571995e-12,4.114355415636577e-18,2.724283898443392e-25,9.964238062614411e-09,2.41022638088387e-06,0.000113904455149594,5.7511601477641e-08,2.31398312432832e-06,8.68815588629166e-07,2.71793043330065e-06,0.000109356112384135,4.29942560489446e-08
ph5p50_zn1e-04,5.5,0.0001,365.0,5.49676763037131,3.80378178259181e-06,9.80261351917645e-05,0.0998002187329761,0.1,8.21799687298367e-11,0.000246469999999862,8.96660998132076e-05,1.97386480823501e-06,0.0,0.0,0.0,0.0,3.825528286428913e-06,9.800859042961633e-05,0.09980022192690381,0.10000000319754354,8.188723944569234e-11,0.00024647002850950784,2.9275581249210726e-13,4.170350772039895e-09,1.7873732797542787e-11,2.293212498414101e-17,2.7019592890092023e-24,1.7539455593497853e-08,2.1459370471683e-06,0.0001278237506657,6.67757072944246e-08,1.5798484749627e-06,1.85797772283198e-06,3.97752644787397e-06,9.41044183016483e-05,1.15887085403028e-07
ph5p75_zn1e-04,5.75,0.0001,365.0,5.74712520475322,2.11122311588629e-06,9.64939993575944e-05,0.099804973480353,0.1,1.46182369967143e-11,0.000246469999999715,7.19883162458477e-05,3.50600064240616e-06,0.0,0.0,0.0,0.0,2.1494808174353856e-06,9.646323239182085e-05,0.09980497667436562,0.10000000319754354,1.4525817254487068e-11,0.00024647002845927675,9.242481460005972e-14,7.422147019466378e-09,5.572243162896263e-11,1.272377439960685e-16,2.668124983605094e-23,3.0723636664071555e-08,1.51982283065079e-06,0.000139864285046413,6.06692061121979e-08,8.72203034951974e-07,3.19784428191122e-06,5.58318704452788e-06,8.02659701039419e-05,3.08156360494943e-07
ph6p00_zn1e-04,6.0,0.0001,365.0,5.99751813059805,1.14037402212536e-06,9.48086291903456e-05,0.0998093140932472,0.1,2.60524871473762e-12,0.000246469999999882,5.5587192783414e-05,5.19137080965425e-06,0.0,0.0,0.0,0.0,1.2076479556491513e-06,9.475475168367716e-05,0.0998093172873393,0.10000000319754354,2.57607536067773e-12,0.0002464700284436303,2.9174321288743875e-14,1.3210577663553935e-08,1.7340327149422883e-10,7.047503916160806e-16,2.6303673290111494e-22,5.3716305425664156e-08,8.44983370466476e-07,0.000149674483025893,4.26162911794897e-08,3.83813856864186e-07,4.379125905589e-06,7.54875370847773e-06,6.79861197358613e-05,8.12244904065244e-07
ph6p25_zn1e-04,6.25,0.0001,365.0,6.24814991931305,5.5992955187793e-07,9.27970464781634e-05,0.0998139272748199,0.1,4.65297912895581e-13,0.000246470000000068,4.01132455412312e-05,7.20295352183674e-06,0.0,0.0,0.0,0.0,6.781225808389569e-07,9.270292984495653e-05,0.09981393046899496,0.10000000319754354,4.560992197838266e-13,0.0002464700284388236,9.198877220295649e-15,2.3526254790258172e-08,5.380417081437423e-10,3.894258975663151e-15,2.588422888305188e-21,9.359056320726376e-08,3.95056980497094e-07,0.000156938860182507,2.48823098841304e-08,1.4369073383911e-07,5.0869094122011e-06,9.88465346796669e-06,5.70820441070796e-05,2.11604410963564e-06
ph6p50_zn1e-04,6.5,0.0001,365.0,6.49904211712727,1.7500744956613e-07,8.92878654103317e-05,0.0998213471690082,0.1,8.3504550690152e-14,0.000246470000000233,2.34225077364857e-05,1.07121345896681e-05,0.0,0.0,0.0,0.0,3.805532090693847e-07,8.912589599821173e-05,0.09982135036331756,0.10000000319754354,8.060760036388504e-14,0.00024647002843741604,2.8969854212925445e-15,4.192215480766401e-08,1.6425377060410523e-09,2.1184332883450443e-14,2.5090718562592652e-20,1.603384303669032e-07,1.72504240994637e-07,0.00016119482097611,1.36075247367682e-08,5.00980011023752e-08,5.41432967174884e-06,1.2715412104909e-05,4.68135639546972e-05,5.29780491791929e-06
ph6p75_zn1e-04,6.75,0.0001,365.0,6.74983396754501,-1.34112824465492e-07,8.24588292795421e-05,0.0998353200279203,0.1,1.5168409300428e-14,0.000246470000000259,2.20977263604284e-06,1.75411707204576e-05,0.0,0.0,0.0,0.0,2.1361037056853083e-07,8.219060953421967e-05,0.09983532322248413,0.10000000319754354,1.425566023758349e-14,0.00024647002843694495,9.12755813227593e-16,7.468488792109013e-08,4.807576513557017e-09,1.1046235842384164e-13,2.3307523230795824e-19,2.6342285121952874e-07,7.81333472632267e-08,0.000161346864653701,7.97548949258989e-09,1.75353924539309e-08,5.54689520986311e-06,1.64695391777056e-05,3.62109226312447e-05,1.19942755105945e-05
ph7p00_zn1e-04,7.0,0.0001,365.0,7.00039046113938,-4.44553611030508e-07,7.14215207950539e-05,0.0998576975944207,0.1,2.81309547808882e-15,0.000246470000000289,-2.51924817630345e-05,2.85784792043274e-05,0.0,0.0,0.0,0.0,1.1996757930831474e-07,7.1003157312567e-05,0.09985770078938837,0.10000000319754354,2.525205388327035e-15,0.0002464700284368202,2.8789141150611293e-16,1.3297954644985802e-07,1.3167670631728268e-08,5.387017800097375e-13,2.0238263959595755e-18,4.052047783730307e-07,3.97395132923039e-08,0.00015576771379554,5.59849031440348e-09,6.46210683365884e-09,5.59873932859129e-06,2.19445072377739e-05,2.53296410625475e-05,2.29797398757361e-05
ph7p25_zn1e-04,7.25,0.0001,365.0,7.25086766092963,-8.16515923696685e-07,5.77063257904767e-05,0.0998854877830472,0.1,5.38383016142964e-16,0.000246470000000128,-5.62458398581555e-05,4.22936742066198e-05,0.0,0.0,0.0,0.0,6.73882663374186e-08,5.709272308181798e-05,0.099885490978518,0.10000000319754354,4.475472224497059e-16,0.00024647002843661026,9.083605994124879e-17,2.3673180665933083e-07,3.3557082738979946e-08,2.443962123890926e-12,1.6344807544555306e-17,5.800510522695306e-07,2.30554309949319e-08,0.000143673811612402,4.78396711381403e-09,2.54541314303692e-09,5.62015462785965e-06,2.98120989405956e-05,1.58621718430307e-05,3.66735195787602e-05
ph7p50_zn1e-04,7.5,0.0001,365.0,7.50136317978816,-1.32014283994534e-06,4.37881352800751e-05,0.0999138157014597,0.1,1.07967880730665e-16,0.000246470000000047,-8.6905438081158e-05,5.62118647139235e-05,0.0,0.0,0.0,0.0,3.7851781319631046e-08,4.293159934840804e-05,0.09991381889744469,0.10000000319754354,7.930959674920961e-17,0.00024647002843651377,2.865833997124472e-17,4.214505542307357e-07,7.998149444063053e-08,1.0370240859536097e-11,1.234675386754498e-16,7.765502318598959e-07,1.47312524507567e-08,0.000126391628792552,4.64684058339833e-09,1.06984669118473e-09,5.63009149938617e-06,3.98690981705221e-05,9.17910179717979e-06,5.05817732145373e-05
ph7p75_zn1e-04,7.75,0.0001,365.0,7.75189194805706,-2.05826876964388e-06,3.1344360783716e-05,0.0999394301627834,0.1,2.30914879991894e-17,0.000246470000000014,-0.000114535125361728,6.86556392091837e-05,0.0,0.0,0.0,0.0,2.1259614500427696e-08,3.019360068576371e-05,0.09993943335923212,0.10000000319754354,1.4051278600538486e-17,0.0002464700284364739,9.040221897078848e-18,7.503614463786454e-07,1.7832032443061102e-07,4.116453410672145e-11,8.725712562480976e-16,9.72403197477149e-07,1.00064023821675e-08,0.000106867004102746,4.77578357631403e-09,4.80298538848676e-10,5.63527695463453e-06,5.10047131429087e-05,5.12952247540146e-06,6.30203622545492e-05
ph8p00_zn1e-04,8.0,0.0001,365.0,8.0024386430859,-3.19420833721724e-06,2.12246253002864e-05,0.0999607942269077,0.1,5.34068637139784e-18,0.000246470000000004,-0.000137794689274298,7.87753746892884e-05,0.0,0.0,0.0,0.0,1.1940072456009276e-08,1.9724112914895464e-05,0.0999607974237412,0.10000000319754354,2.489183791574724e-18,0.0002464700284364626,2.851505580681651e-18,1.3360210924705794e-06,3.6930868363614483e-07,1.5179378908348244e-10,5.728836548655509e-15,1.131055160691882e-06,7.11347679755629e-09,8.8121083344644e-05,4.99591660685068e-09,2.32032401743838e-10,5.63819801339843e-06,6.18889463293923e-05,2.8743956285877e-06,7.313717667589e-05
,,,,,,,,,,,,,,,,,,,,,,,,,,,,,,,,,,,,